<?xml version="1.0" encoding="UTF-8"?>
<install type="module" version="1.5">
	<name>Simple Contact</name>
	<author>Vsmart Extensions</author>
	<creationDate>December 2011</creationDate>
	<authorEmail>info@vsmart-extensions.com</authorEmail>
	<authorUrl>www.vsmart-extensions.com</authorUrl>
	<version>1.0.0</version>
	<licence>GPL</licence>
	<description>Show simple contact module</description>
	<files>
		<filename module="mod_simplecontact">mod_simplecontact.php</filename>
		<filename>helper.php</filename>
		<filename>index.html</filename>
	</files>
	<params>	
		<param name="email" type="text" default="info@yourdomain.com" label="Email" description="" size="50" />
		<param name="subject" type="text" default="subject" label="Subject" description="" size="50" />	
		<param name="success" type="text" default="Thanks for your contact!" label="Success Message" description="" size="50" />
		<param name="error" type="text" default="Send email error,please try again." label="Error Message" description="" size="50" />
		<param name="@spacer" type="spacer" default="" label="" description="" />
		<param name="name_text" type="text" default="Your Name" label="Name Text" description="" size="30" />
		<param name="email_text" type="text" default="Your Email" label="Email Text" description="" size="30" />
		<param name="message_text" type="text" default="Your Message" label="Message Text" description="" size="30" />
		<param name="submit_text" type="text" default="Send us a mail" label="Button Text" description="" size="30" />
		<param name="@spacer" type="spacer" default="" label="" description="" />
		<param name="moduleclass_sfx" type="text" default="" label="Module Class Suffix" description="" />
	</params>
</install>