<?xml version="1.0" encoding="utf-8"?>
<install type="module" version="1.5.0">
	<name>Most Read Content 2</name>
	<author>Vsmart Extensions</author>
	<creationDate>September 2011</creationDate>
	<copyright>Copyright (C) 2005 - 2010 Open Source Matters. All rights reserved.</copyright>
	<license>http://www.gnu.org/licenses/gpl-2.0.html GNU/GPL</license>
	<authorEmail>info@vsmart-extensions.com</authorEmail>
	<authorUrl>www.vsmart-extensions.com</authorUrl>
	<version>1.5.0</version>
	<description>DESCMOSTREAD</description>
	<files>
		<filename module="mod_ve_mostread">mod_ve_mostread.php</filename>
		<folder>tmpl</folder>
		<filename>helper.php</filename>
		<filename>index.html</filename>
	</files>
	<params>
		<param name="moduleclass_sfx" type="text" default="" label="Module Class Suffix" description="PARAMMODULECLASSSUFFIX" />
		<param name="@spacer" type="spacer" default="" label="" description="" />
		<param name="show_front" type="radio" default="1" label="Frontpage Items" description="PARAMFRONTPAGEITEMS">
			<option value="1">show</option>
			<option value="0">hide</option>
		</param>
		<param name="count" type="text" default="5" label="Count" description="The number of items to display (default is 5)" />
		<param name="catid" type="text" default="" label="Category ID" description="PARAMCATEGORYID" />
		<param name="secid" type="text" default="" label="Section ID" description="PARAMSECTIONID" />
	</params>
	<params group="advanced">
		<param name="cache" type="list" default="1" label="Caching" description="Select whether to cache the content of this module">
			<option value="1">Use global</option>
			<option value="0">No caching</option>
		</param>
		<param name="cache_time" type="text" default="900" label="Cache Time" description="The time before the module is recached" />
	</params>
</install>
