﻿<?xml version="1.0" encoding="UTF-8"?>
<settings>
	<photo image="images/01.jpg" colorboxImage="images/01.jpg" url="http://www.flashxml.net" target="_blank" colorboxInfo="Item 01" colorboxClass="image" time="3" shortText="This is a video" media="videos/fantasy.flv" mediaImage="videos/fantasy.jpg" skin="assets/skins/videoSkin1.xml" width="350" height="300" position="CC" paddingH="0" paddinvV="0" autoplay="false">
	<![CDATA[<head>Hello</head>]]></photo>	
	
	<photo image="images/02.jpg" colorboxImage="images/02.jpg" url="http://www.flashxml.net" target="_blank" colorboxInfo="Item 02" colorboxClass="image" time="4" shortText="This is a picture">
	<![CDATA[<head>Download the new Accordion FX</head><body>it's FREE</body>]]></photo>
	
	<photo image="images/03.jpg" colorboxImage="http://www.youtube.com/embed/N6AfN5EiUIg?wmode=transparent" url="http://www.flashxml.net" target="_blank" colorboxInfo="Item 03" colorboxClass="video" time="5">
	<![CDATA[<head>Lots of properties to customize</head><body>Test them below</body>]]></photo>
	
	<photo image="images/04.jpg" colorboxImage="images/04.jpg" url="http://www.flashxml.net" target="_blank" colorboxInfo="Item 04" colorboxClass="image" time="6" shortText="This is another picture">
	<![CDATA[<head>Text effects, zoom and Ken Burns image effects</head><body>everything is customizable through XML</body>]]></photo>
	
	<photo image="images/05.jpg" colorboxImage="images/05.jpg" url="http://www.flashxml.net" target="_blank" colorboxInfo="Item 05" colorboxClass="image" time="4" shortText="This is another video" media="videos/green.flv" mediaImage="videos/green.jpg" skin="assets/skins/videoSkin2.xml" width="350" height="300" position="CC" paddingH="0" paddinvV="0" autoplay="true">
	<![CDATA[<head>Multiple roll over effects</head><body>and image effects</body>]]></photo>	
		
	<photo image="images/06.jpg" colorboxImage="images/06.jpg" url="http://www.flashxml.net" target="_blank" colorboxInfo="Item 06" colorboxClass="image" time="6" >
	<![CDATA[<head>The text is HTML/CSS formatted, with any <br/> possible <font color="#00ff00">color</font>, <b><i>style,</i></b> <font size="26">size</font> and <a href="http://www.flashxml.net" target="_blank">link</a></head>]]></photo>
		
	<photo image="images/07.jpg" colorboxImage="images/07.jpg" url="http://www.flashxml.net" target="_blank" colorboxInfo="Item 07" colorboxClass="image" time="5">
	<![CDATA[<head>Play/pause buttons, autoPlay option</head><body>Customizable duration for each image</body>]]></photo>
	
	<photo image="images/01.jpg" colorboxImage="images/01.jpg" url="http://www.flashxml.net" target="_blank" colorboxInfo="Item 08" colorboxClass="image" time="4">
	<![CDATA[<head>Click <a href="http://www.flashxml.net/accordion.html" target="_blank">here</a> to read instructions on how to install this Accordion on your website for FREE</head>]]></photo>
</settings>