<install type="component" version="1.5.0">
	<name>Properties</name>	
	<creationDate>2011-09-29</creationDate>
	<author>este8an</author>
	<authorEmail>fabiouz@gmail.com</authorEmail>
	<authorUrl>http://www.yexey.com</authorUrl>
	<copyright>Copyright Info</copyright>
	<license>License Info</license>	
	<version>4.20110929</version>
	<description>Component for Real Estate</description>
	<installfile>install.properties.php</installfile>
  	<uninstallfile>uninstall.properties.php</uninstallfile>
	
	<install folder="admin">
		<sql>
			<file charset="utf8" driver="mysql">install.mysql.sql</file>			
		</sql>
	</install>
	
  <files folder="site">
<filename>controller.php</filename>
<filename>index.html</filename>
<filename>properties.php</filename>
<filename>router.php</filename>
<folder>views</folder>	
<folder>models</folder>
<folder>helpers</folder>
<folder>includes</folder>
<folder>controllers</folder>
	</files>
	<languages folder="site">
        <language tag="es-ES">es-ES.com_properties.ini</language>
		<language tag="en-GB">en-GB.com_properties.ini</language>		
		<language tag="it-IT">it-IT.com_properties.ini</language>			
    </languages>		
	<administration>		
		<menu img="components/com_properties/includes/img/menu_properties.png">Properties</menu>		
		<submenu>
			<menu img="components/com_properties/includes/img/t_panel.png" link="option=com_properties">Control Panel</menu>	
			<menu img="components/com_properties/includes/img/t_configuration.png" link="option=com_properties&amp;view=configuration">Configuration</menu>
			<menu img="components/com_properties/includes/img/t_categories.png" link="option=com_properties&amp;view=categories">Categories</menu>
			<menu img="components/com_properties/includes/img/t_types.png" link="option=com_properties&amp;view=types">Types</menu>
			<menu img="components/com_properties/includes/img/menu_properties.png" link="option=com_properties&amp;view=products">Products</menu>			
			<menu img="components/com_properties/includes/img/t_help.png" link="option=com_properties&amp;view=help">Help</menu>				
		</submenu>		
    <files folder="admin">
		<filename>admin.controller.php</filename>
		<filename>install.mysql.sql</filename>
		<filename>admin.properties.php</filename>
		<filename>config.xml</filename>
		<filename>index.html</filename>
		<filename>install.properties.php</filename>
		<filename>toolbar.properties.php</filename>
		<filename>uninstall.properties.php</filename>
		<folder>controllers</folder>
		<folder>elements</folder>
		<folder>helpers</folder>
		<folder>includes</folder>
		<folder>models</folder>
		<folder>tables</folder>
		<folder>updates</folder>
		<folder>views</folder>	
		</files>
		<languages folder="admin">
            <language tag="es-ES">es-ES.com_properties.ini</language>
			<language tag="en-GB">en-GB.com_properties.ini</language>			
			<language tag="it-IT">it-IT.com_properties.ini</language>				
        </languages>
	</administration>
</install>